Date, Symbol, Underlying Close Price (A), Underlying Previous Day Close Price (B), Underlying Log Returns (C) = LN(A/B), Previous Day Underlying Volatility (D), Current Day Underlying Daily Volatility (E) = Sqrt (0.94*D*D + 0.06* C*C) or GARCH (1;1) model for INDIAVIX, Underlying Annualised Volatility (F) = E*sqrt(365), Futures Close Price (G), Futures Previous Day Close Price (H), Futures Log Returns (I) = LN(G/H), Previous Day Futures Volatility (J), Current Day Futures Daily Volatility (K) = Sqrt (0.94*J*J + 0.06* I*I) or GARCH (1;1) model for INDIAVIX, Futures Annualised Volatility (L) = K*sqrt(365), Applicable Daily Volatility (M) = Max (E or K), Applicable Annualised Volatility (N) = Max (F or L)
22-Jun-16,ABIRLANUVO,1038.5,1048.8, -0.0099,  0.0165,  0.0161,  0.3082,1041,1052.7, -0.0112,  0.0162,  0.0160,  0.3051,  0.0161,  0.3082
22-Jun-16,ACC,1571.05,1559,  0.0077,  0.0107,  0.0105,  0.2013,1572.3,1562.2,  0.0064,  0.0106,  0.0104,  0.1993,  0.0105,  0.2013
22-Jun-16,ADANIENT,77.65,78.65, -0.0128,  0.0275,  0.0268,  0.5128,78,78.95, -0.0121,  0.0280,  0.0273,  0.5224,  0.0273,  0.5224
22-Jun-16,ADANIPORTS,207.35,203.25,  0.0200,  0.0224,  0.0223,  0.4253,207.75,204.15,  0.0175,  0.0219,  0.0217,  0.4146,  0.0223,  0.4253
22-Jun-16,ADANIPOWER,29.55,30, -0.0151,  0.0198,  0.0195,  0.3729,29.6,30.15, -0.0184,  0.0197,  0.0197,  0.3756,  0.0197,  0.3756
22-Jun-16,AJANTPHARM,1445.9,1466.15, -0.0139,  0.0168,  0.0166,  0.3171,1453,1472.05, -0.0130,  0.0169,  0.0167,  0.3196,  0.0167,  0.3196
22-Jun-16,ALBK,60.5,60.7, -0.0033,  0.0257,  0.0249,  0.4761,59.7,59.95, -0.0042,  0.0272,  0.0264,  0.5046,  0.0264,  0.5046
22-Jun-16,AMARAJABAT,865,860.85,  0.0048,  0.0131,  0.0127,  0.2431,864.2,861.85,  0.0027,  0.0131,  0.0127,  0.2430,  0.0127,  0.2431
22-Jun-16,AMBUJACEM,242.85,240.2,  0.0110,  0.0157,  0.0155,  0.2957,242.7,240.2,  0.0104,  0.0149,  0.0146,  0.2794,  0.0155,  0.2957
22-Jun-16,ANDHRABANK,54.6,54.9, -0.0055,  0.0207,  0.0201,  0.3842,54.8,55.05, -0.0046,  0.0215,  0.0209,  0.3988,  0.0209,  0.3988
22-Jun-16,APOLLOHOSP,1306.35,1307.2, -0.0007,  0.0154,  0.0150,  0.2859,1310.05,1311, -0.0007,  0.0141,  0.0136,  0.2604,  0.0150,  0.2859
22-Jun-16,APOLLOTYRE,148.75,148.6,  0.0010,  0.0153,  0.0148,  0.2837,149.05,149.2, -0.0010,  0.0162,  0.0157,  0.3002,  0.0157,  0.3002
22-Jun-16,ARVIND,324.05,326.95, -0.0089,  0.0189,  0.0185,  0.3532,324.9,328, -0.0095,  0.0186,  0.0182,  0.3468,  0.0185,  0.3532
22-Jun-16,ASHOKLEY,99.9,102.3, -0.0237,  0.0205,  0.0207,  0.3964,100.15,102.4, -0.0222,  0.0204,  0.0205,  0.3911,  0.0207,  0.3964
22-Jun-16,ASIANPAINT,985.45,982.05,  0.0035,  0.0125,  0.0122,  0.2328,987.25,984.8,  0.0025,  0.0118,  0.0115,  0.2190,  0.0122,  0.2328
22-Jun-16,AUROPHARMA,720.55,721.3, -0.0010,  0.0163,  0.0159,  0.3029,721.85,724.3, -0.0034,  0.0174,  0.0169,  0.3221,  0.0169,  0.3221
22-Jun-16,AXISBANK,516.2,517.4, -0.0023,  0.0148,  0.0144,  0.2746,517.65,519.25, -0.0031,  0.0137,  0.0133,  0.2549,  0.0144,  0.2746
22-Jun-16,BAJAJ-AUTO,2632.15,2636.25, -0.0016,  0.0130,  0.0126,  0.2405,2632.85,2637.1, -0.0016,  0.0133,  0.0129,  0.2469,  0.0129,  0.2469
22-Jun-16,BAJFINANCE,7599.05,7606.05, -0.0009,  0.0151,  0.0147,  0.2806,7612.65,7623.25, -0.0014,  0.0150,  0.0146,  0.2786,  0.0147,  0.2806
22-Jun-16,BANKBARODA,149.1,149.9, -0.0054,  0.0202,  0.0196,  0.3750,149.55,150.35, -0.0053,  0.0206,  0.0200,  0.3825,  0.0200,  0.3825
22-Jun-16,BANKINDIA,95.65,96.2, -0.0057,  0.0198,  0.0192,  0.3669,95.85,96.35, -0.0052,  0.0225,  0.0218,  0.4166,  0.0218,  0.4166
22-Jun-16,BANKNIFTY,17626.05,17619.1,  0.0004,  0.0102,  0.0099,  0.1897,17597.7,17623.1, -0.0014,  0.0099,  0.0096,  0.1836,  0.0099,  0.1897
22-Jun-16,BATAINDIA,529.75,536.8, -0.0132,  0.0141,  0.0141,  0.2687,531.9,537.85, -0.0111,  0.0144,  0.0142,  0.2710,  0.0142,  0.2710
22-Jun-16,BEL,1264.65,1283.65, -0.0149,  0.0198,  0.0196,  0.3738,1262.7,1283.95, -0.0167,  0.0192,  0.0190,  0.3636,  0.0196,  0.3738
22-Jun-16,BEML,846.7,858.5, -0.0138,  0.0189,  0.0187,  0.3565,847.2,862, -0.0173,  0.0194,  0.0193,  0.3685,  0.0193,  0.3685
22-Jun-16,BHARATFORG,737.85,756.3, -0.0247,  0.0147,  0.0155,  0.2958,739.6,756.7, -0.0229,  0.0155,  0.0160,  0.3058,  0.0160,  0.3058
22-Jun-16,BHARTIARTL,363.05,362.2,  0.0023,  0.0177,  0.0171,  0.3271,363,362.2,  0.0022,  0.0169,  0.0164,  0.3128,  0.0171,  0.3271
22-Jun-16,BHEL,122.65,121.85,  0.0065,  0.0200,  0.0194,  0.3708,123,122.4,  0.0049,  0.0214,  0.0208,  0.3978,  0.0208,  0.3978
22-Jun-16,BIOCON,716.1,724.75, -0.0120,  0.0151,  0.0149,  0.2851,717.6,725.1, -0.0104,  0.0156,  0.0154,  0.2938,  0.0154,  0.2938
22-Jun-16,BOSCHLTD,21735.05,21981.2, -0.0113,  0.0128,  0.0127,  0.2436,21749.3,22003.4, -0.0116,  0.0130,  0.0129,  0.2467,  0.0129,  0.2467
22-Jun-16,BPCL,1009.35,1008.55,  0.0008,  0.0188,  0.0182,  0.3475,1011.2,1009,  0.0022,  0.0172,  0.0167,  0.3185,  0.0182,  0.3475
22-Jun-16,BRITANNIA,2613.7,2564.85,  0.0189,  0.0177,  0.0177,  0.3391,2619.1,2577.3,  0.0161,  0.0172,  0.0172,  0.3279,  0.0177,  0.3391
22-Jun-16,CADILAHC,318,315.3,  0.0085,  0.0116,  0.0115,  0.2189,318.5,316.75,  0.0055,  0.0121,  0.0118,  0.2263,  0.0118,  0.2263
22-Jun-16,CAIRN,138.35,138.1,  0.0018,  0.0188,  0.0182,  0.3476,139,138.75,  0.0018,  0.0180,  0.0175,  0.3344,  0.0182,  0.3476
22-Jun-16,CANBK,211.35,212.1, -0.0035,  0.0249,  0.0241,  0.4611,207.6,208.45, -0.0041,  0.0272,  0.0264,  0.5042,  0.0264,  0.5042
22-Jun-16,CASTROLIND,374.75,376.6, -0.0049,  0.0130,  0.0127,  0.2424,376.2,378.05, -0.0049,  0.0131,  0.0128,  0.2440,  0.0128,  0.2440
22-Jun-16,CEATLTD,820.95,831.3, -0.0125,  0.0163,  0.0161,  0.3080,822.05,832.7, -0.0129,  0.0173,  0.0170,  0.3256,  0.0170,  0.3256
22-Jun-16,CENTURYTEX,636.75,651.4, -0.0227,  0.0206,  0.0207,  0.3954,638.65,654.65, -0.0247,  0.0209,  0.0211,  0.4035,  0.0211,  0.4035
22-Jun-16,CESC,575.8,580.85, -0.0087,  0.0157,  0.0154,  0.2938,576.75,582.9, -0.0106,  0.0157,  0.0155,  0.2953,  0.0155,  0.2953
22-Jun-16,CIPLA,482.45,483.4, -0.0020,  0.0137,  0.0133,  0.2543,483.05,483.8, -0.0016,  0.0141,  0.0137,  0.2609,  0.0137,  0.2609
22-Jun-16,COALINDIA,317.5,313,  0.0143,  0.0132,  0.0133,  0.2534,318.1,313.9,  0.0133,  0.0125,  0.0126,  0.2404,  0.0133,  0.2534
22-Jun-16,COLPAL,886,884.25,  0.0020,  0.0118,  0.0115,  0.2196,885,883.95,  0.0012,  0.0106,  0.0103,  0.1961,  0.0115,  0.2196
22-Jun-16,CONCOR,1335.6,1331.55,  0.0030,  0.0148,  0.0144,  0.2744,1339.95,1336.55,  0.0025,  0.0151,  0.0146,  0.2796,  0.0146,  0.2796
22-Jun-16,CROMPGREAV,72.15,72.3, -0.0021,  0.0312,  0.0303,  0.5788,72.45,72.55, -0.0014,  0.0318,  0.0308,  0.5887,  0.0308,  0.5887
22-Jun-16,CUMMINSIND,809.7,801.2,  0.0106,  0.0145,  0.0143,  0.2734,810.1,803.05,  0.0087,  0.0149,  0.0146,  0.2792,  0.0146,  0.2792
22-Jun-16,DABUR,309.8,309.8,  0.0000,  0.0154,  0.0149,  0.2849,309.9,310.05, -0.0005,  0.0142,  0.0138,  0.2637,  0.0149,  0.2849
22-Jun-16,DHFL,200.15,203.85, -0.0183,  0.0205,  0.0204,  0.3892,200.6,204.45, -0.0190,  0.0206,  0.0205,  0.3920,  0.0205,  0.3920
22-Jun-16,DISHTV,93.9,94.5, -0.0064,  0.0199,  0.0194,  0.3697,94.25,94.9, -0.0069,  0.0194,  0.0189,  0.3607,  0.0194,  0.3697
22-Jun-16,DIVISLAB,1108.35,1117.2, -0.0080,  0.0136,  0.0133,  0.2547,1111.35,1118.8, -0.0067,  0.0137,  0.0134,  0.2557,  0.0134,  0.2557
22-Jun-16,DJIA,17829.73,17804.87,  0.0014,  0.0056,  0.0054,  0.1038,17767.5,17782.5, -0.0008,  0.0053,  0.0051,  0.0977,  0.0054,  0.1038
22-Jun-16,DLF,140.25,137.8,  0.0176,  0.0211,  0.0209,  0.3991,140.45,138.05,  0.0172,  0.0211,  0.0208,  0.3982,  0.0209,  0.3991
22-Jun-16,DRREDDY,3105.1,3049.05,  0.0182,  0.0120,  0.0124,  0.2373,3113.85,3055.2,  0.0190,  0.0123,  0.0128,  0.2454,  0.0128,  0.2454
22-Jun-16,EICHERMOT,18787.6,18713.25,  0.0040,  0.0118,  0.0115,  0.2193,18813.1,18777.2,  0.0019,  0.0117,  0.0114,  0.2177,  0.0115,  0.2193
22-Jun-16,ENGINERSIN,199.5,200.95, -0.0072,  0.0178,  0.0174,  0.3322,199.4,200.65, -0.0062,  0.0177,  0.0173,  0.3297,  0.0174,  0.3322
22-Jun-16,EXIDEIND,161.7,162.8, -0.0068,  0.0147,  0.0144,  0.2743,161.6,163.1, -0.0092,  0.0134,  0.0132,  0.2513,  0.0144,  0.2743
22-Jun-16,FEDERALBNK,55.65,56.7, -0.0187,  0.0218,  0.0216,  0.4131,55.9,56.85, -0.0169,  0.0217,  0.0214,  0.4096,  0.0216,  0.4131
22-Jun-16,FTSE100,6226.55,6204,  0.0036,  0.0120,  0.0116,  0.2224,6254,6233,  0.0034,  0.0119,  0.0116,  0.2216,  0.0116,  0.2224
22-Jun-16,GAIL,374.8,382.55, -0.0205,  0.0133,  0.0138,  0.2636,375.9,383.25, -0.0194,  0.0129,  0.0134,  0.2559,  0.0138,  0.2636
22-Jun-16,GLENMARK,777.4,762.3,  0.0196,  0.0143,  0.0147,  0.2801,779.75,765.55,  0.0184,  0.0149,  0.0152,  0.2897,  0.0152,  0.2897
22-Jun-16,GMRINFRA,12.45,12.8, -0.0277,  0.0173,  0.0181,  0.3453,12.55,12.85, -0.0236,  0.0177,  0.0181,  0.3464,  0.0181,  0.3464
22-Jun-16,GODREJCP,1574,1571.2,  0.0018,  0.0184,  0.0179,  0.3410,1574.65,1574,  0.0004,  0.0178,  0.0173,  0.3301,  0.0179,  0.3410
22-Jun-16,GODREJIND,371,370.5,  0.0013,  0.0161,  0.0156,  0.2988,371.45,371,  0.0012,  0.0162,  0.0157,  0.2993,  0.0157,  0.2993
22-Jun-16,GRANULES,136.15,138.35, -0.0160,  0.0148,  0.0149,  0.2842,136.65,139.05, -0.0174,  0.0147,  0.0149,  0.2844,  0.0149,  0.2844
22-Jun-16,GRASIM,4276.9,4308.5, -0.0074,  0.0071,  0.0071,  0.1358,4279.15,4321.05, -0.0097,  0.0079,  0.0080,  0.1529,  0.0080,  0.1529
22-Jun-16,HAVELLS,366.45,368, -0.0042,  0.0135,  0.0131,  0.2501,363.85,365.65, -0.0049,  0.0130,  0.0126,  0.2411,  0.0131,  0.2501
22-Jun-16,HCLTECH,770.45,770.1,  0.0005,  0.0127,  0.0123,  0.2359,771.15,770.85,  0.0004,  0.0126,  0.0122,  0.2337,  0.0123,  0.2359
22-Jun-16,HDFC,1238.35,1238.15,  0.0002,  0.0142,  0.0137,  0.2624,1239.05,1238.85,  0.0002,  0.0139,  0.0135,  0.2571,  0.0137,  0.2624
22-Jun-16,HDFCBANK,1171.5,1166.65,  0.0041,  0.0082,  0.0080,  0.1532,1164.95,1162.75,  0.0019,  0.0086,  0.0083,  0.1589,  0.0083,  0.1589
22-Jun-16,HDIL,105.8,105.4,  0.0038,  0.0252,  0.0244,  0.4671,106,105.6,  0.0038,  0.0249,  0.0242,  0.4624,  0.0244,  0.4671
22-Jun-16,HEROMOTOCO,3074.6,3053.05,  0.0070,  0.0124,  0.0121,  0.2321,3069.8,3057,  0.0042,  0.0115,  0.0112,  0.2140,  0.0121,  0.2321
22-Jun-16,HEXAWARE,221.5,212.25,  0.0427,  0.0127,  0.0161,  0.3085,222.45,213.2,  0.0425,  0.0130,  0.0164,  0.3125,  0.0164,  0.3125
22-Jun-16,HINDALCO,122.2,123.5, -0.0106,  0.0270,  0.0263,  0.5029,122.25,123.55, -0.0106,  0.0266,  0.0260,  0.4960,  0.0263,  0.5029
22-Jun-16,HINDPETRO,925.5,931.55, -0.0065,  0.0197,  0.0192,  0.3664,926.95,932, -0.0054,  0.0192,  0.0186,  0.3562,  0.0192,  0.3664
22-Jun-16,HINDUNILVR,859.25,860.75, -0.0017,  0.0114,  0.0111,  0.2122,860.45,864, -0.0041,  0.0110,  0.0108,  0.2056,  0.0111,  0.2122
22-Jun-16,HINDZINC,175,177.05, -0.0116,  0.0159,  0.0156,  0.2989,175.1,177.3, -0.0125,  0.0151,  0.0149,  0.2850,  0.0156,  0.2989
22-Jun-16,IBREALEST,93.5,95, -0.0159,  0.0293,  0.0286,  0.5473,93.7,95.45, -0.0185,  0.0293,  0.0288,  0.5498,  0.0288,  0.5498
22-Jun-16,IBULHSGFIN,691.05,694.6, -0.0051,  0.0179,  0.0174,  0.3328,691.6,696.2, -0.0066,  0.0179,  0.0174,  0.3332,  0.0174,  0.3332
22-Jun-16,ICICIBANK,239,237.85,  0.0048,  0.0189,  0.0183,  0.3505,239.4,238.85,  0.0023,  0.0184,  0.0179,  0.3415,  0.0183,  0.3505
22-Jun-16,ICIL,948.2,958.85, -0.0112,  0.0203,  0.0198,  0.3789,950.65,962, -0.0119,  0.0208,  0.0204,  0.3893,  0.0204,  0.3893
22-Jun-16,IDBI,69.9,70.75, -0.0121,  0.0194,  0.0191,  0.3642,70.15,70.9, -0.0106,  0.0212,  0.0208,  0.3967,  0.0208,  0.3967
22-Jun-16,IDEA,101.5,102.2, -0.0069,  0.0264,  0.0256,  0.4897,101.7,102.45, -0.0073,  0.0238,  0.0231,  0.4415,  0.0256,  0.4897
22-Jun-16,IDFC,49.7,50.6, -0.0179,  0.0223,  0.0221,  0.4222,49.95,50.85, -0.0179,  0.0225,  0.0223,  0.4254,  0.0223,  0.4254
22-Jun-16,IFCI,25.4,25.7, -0.0117,  0.0159,  0.0157,  0.3005,25.5,25.8, -0.0117,  0.0169,  0.0167,  0.3183,  0.0167,  0.3183
22-Jun-16,IGL,604.45,616.7, -0.0201,  0.0145,  0.0149,  0.2844,607.1,619.25, -0.0198,  0.0147,  0.0151,  0.2881,  0.0151,  0.2881
22-Jun-16,INDIACEM,102.25,103.7, -0.0141,  0.0208,  0.0205,  0.3910,102.7,104.15, -0.0140,  0.0209,  0.0206,  0.3927,  0.0206,  0.3927
22-Jun-16,INDIAVIX,1818.5,1726,  0.0522,  0.0504,  0.0517,  0.9885,1820.5,1726,  0.0533,  0.0504,  0.0518,  0.9899,  0.0518,  0.9899
22-Jun-16,INDUSINDBK,1090.9,1090.65,  0.0002,  0.0117,  0.0113,  0.2162,1087.2,1089.95, -0.0025,  0.0115,  0.0111,  0.2128,  0.0113,  0.2162
22-Jun-16,INFRATEL,339,348, -0.0262,  0.0209,  0.0212,  0.4052,339.75,348.45, -0.0253,  0.0199,  0.0203,  0.3877,  0.0212,  0.4052
22-Jun-16,INFY,1199.5,1206.1, -0.0055,  0.0129,  0.0125,  0.2396,1200.25,1207.35, -0.0059,  0.0125,  0.0122,  0.2334,  0.0125,  0.2396
22-Jun-16,IOB,26.9,27.1, -0.0074,  0.0187,  0.0182,  0.3476,26.95,27.2, -0.0092,  0.0199,  0.0194,  0.3703,  0.0194,  0.3703
22-Jun-16,IOC,415.4,412.7,  0.0065,  0.0122,  0.0120,  0.2286,416.85,414.25,  0.0063,  0.0124,  0.0122,  0.2323,  0.0122,  0.2323
22-Jun-16,IRB,210.45,211.7, -0.0059,  0.0131,  0.0128,  0.2441,210.7,212.7, -0.0094,  0.0134,  0.0132,  0.2528,  0.0132,  0.2528
22-Jun-16,ITC,354.7,358.5, -0.0107,  0.0157,  0.0154,  0.2942,355,358.75, -0.0105,  0.0151,  0.0149,  0.2842,  0.0154,  0.2942
22-Jun-16,JETAIRWAYS,562.95,576.45, -0.0237,  0.0244,  0.0243,  0.4650,564.6,578.6, -0.0245,  0.0237,  0.0237,  0.4532,  0.0243,  0.4650
22-Jun-16,JINDALSTEL,65.65,66.6, -0.0144,  0.0234,  0.0230,  0.4390,65.8,66.75, -0.0143,  0.0245,  0.0240,  0.4592,  0.0240,  0.4592
22-Jun-16,JISLJALEQS,67,67.4, -0.0060,  0.0164,  0.0160,  0.3052,67.3,67.7, -0.0059,  0.0170,  0.0166,  0.3167,  0.0166,  0.3167
22-Jun-16,JPASSOCIAT,7.75,8, -0.0317,  0.0485,  0.0477,  0.9104,7.85,8.05, -0.0252,  0.0476,  0.0466,  0.8898,  0.0477,  0.9104
22-Jun-16,JSWENERGY,79.35,83.3, -0.0486,  0.0296,  0.0311,  0.5934,79.65,83.6, -0.0484,  0.0298,  0.0312,  0.5960,  0.0312,  0.5960
22-Jun-16,JSWSTEEL,1391.3,1400.7, -0.0067,  0.0115,  0.0113,  0.2152,1395.9,1404.3, -0.0060,  0.0118,  0.0115,  0.2203,  0.0115,  0.2203
22-Jun-16,JUBLFOOD,1049.1,1060.2, -0.0105,  0.0260,  0.0254,  0.4847,1050.9,1060.8, -0.0094,  0.0260,  0.0254,  0.4845,  0.0254,  0.4847
22-Jun-16,JUSTDIAL,656.25,665.2, -0.0135,  0.0267,  0.0261,  0.4986,648.6,661.4, -0.0195,  0.0274,  0.0270,  0.5159,  0.0270,  0.5159
22-Jun-16,KOTAKBANK,739.35,746.75, -0.0100,  0.0121,  0.0120,  0.2287,739.8,747.45, -0.0103,  0.0118,  0.0117,  0.2238,  0.0120,  0.2287
22-Jun-16,KPIT,188.75,191.55, -0.0147,  0.0265,  0.0260,  0.4961,189.35,192.15, -0.0147,  0.0260,  0.0255,  0.4866,  0.0260,  0.4961
22-Jun-16,KSCL,445.45,446.45, -0.0022,  0.0164,  0.0160,  0.3048,446.9,448.5, -0.0036,  0.0167,  0.0163,  0.3105,  0.0163,  0.3105
22-Jun-16,KTKBANK,135.25,137.5, -0.0165,  0.0208,  0.0205,  0.3920,135.85,137.7, -0.0135,  0.0209,  0.0205,  0.3922,  0.0205,  0.3922
22-Jun-16,L&TFH,75.55,76.25, -0.0092,  0.0145,  0.0142,  0.2720,75.85,76.6, -0.0098,  0.0147,  0.0144,  0.2757,  0.0144,  0.2757
22-Jun-16,LICHSGFIN,483.95,485.05, -0.0023,  0.0141,  0.0137,  0.2610,484.35,485.25, -0.0019,  0.0140,  0.0136,  0.2603,  0.0137,  0.2610
22-Jun-16,LT,1491.55,1494.8, -0.0022,  0.0241,  0.0234,  0.4462,1492.3,1496.7, -0.0029,  0.0240,  0.0233,  0.4448,  0.0234,  0.4462
22-Jun-16,LUPIN,1461.9,1449.65,  0.0084,  0.0165,  0.0162,  0.3086,1464.85,1450.65,  0.0097,  0.0163,  0.0160,  0.3062,  0.0162,  0.3086
22-Jun-16,M&M,1359.5,1366.85, -0.0054,  0.0109,  0.0106,  0.2033,1360.45,1369.05, -0.0063,  0.0105,  0.0103,  0.1966,  0.0106,  0.2033
22-Jun-16,M&MFIN,319.45,322.5, -0.0095,  0.0201,  0.0196,  0.3749,319.55,322.95, -0.0106,  0.0203,  0.0198,  0.3791,  0.0198,  0.3791
22-Jun-16,MARICO,260.05,256.2,  0.0149,  0.0132,  0.0133,  0.2536,260.05,256.6,  0.0134,  0.0119,  0.0120,  0.2292,  0.0133,  0.2536
22-Jun-16,MARUTI,4151.35,4157.4, -0.0015,  0.0146,  0.0142,  0.2710,4153.9,4167.8, -0.0033,  0.0143,  0.0138,  0.2645,  0.0142,  0.2710
22-Jun-16,MCDOWELL-N,2417.9,2432.55, -0.0060,  0.0123,  0.0120,  0.2290,2421.2,2438.15, -0.0070,  0.0123,  0.0120,  0.2302,  0.0120,  0.2302
22-Jun-16,MCLEODRUSS,196.95,192.9,  0.0208,  0.0199,  0.0199,  0.3810,197.9,193.9,  0.0204,  0.0198,  0.0199,  0.3797,  0.0199,  0.3810
22-Jun-16,MINDTREE,653.6,657.7, -0.0063,  0.0144,  0.0140,  0.2676,653.85,657.75, -0.0059,  0.0133,  0.0129,  0.2472,  0.0140,  0.2676
22-Jun-16,MOTHERSUMI,302.8,301.35,  0.0048,  0.0222,  0.0215,  0.4109,303.35,302.6,  0.0025,  0.0222,  0.0215,  0.4113,  0.0215,  0.4113
22-Jun-16,MRF,31718.75,31844.9, -0.0040,  0.0132,  0.0128,  0.2445,31770.65,31926.55, -0.0049,  0.0137,  0.0133,  0.2542,  0.0133,  0.2542
22-Jun-16,NCC,74.4,75.3, -0.0120,  0.0168,  0.0166,  0.3164,74.65,75.55, -0.0120,  0.0170,  0.0168,  0.3203,  0.0168,  0.3203
22-Jun-16,NHPC,24.6,24.9, -0.0121,  0.0158,  0.0156,  0.2976,24.65,24.95, -0.0121,  0.0159,  0.0157,  0.3000,  0.0157,  0.3000
22-Jun-16,NIFTY,8203.7,8219.9, -0.0020,  0.0078,  0.0076,  0.1449,8205.05,8225.1, -0.0024,  0.0079,  0.0077,  0.1472,  0.0077,  0.1472
22-Jun-16,NIFTYINFRA,2793.5,2798.7, -0.0019,  0.0118,  0.0115,  0.2193,2797.8,2803.55, -0.0021,  0.0120,  0.0116,  0.2223,  0.0116,  0.2223
22-Jun-16,NIFTYIT,11490.8,11488.45,  0.0002,  0.0089,  0.0087,  0.1657,11483,11500, -0.0015,  0.0085,  0.0083,  0.1581,  0.0087,  0.1657
22-Jun-16,NIFTYMID50,3400.25,3423.35, -0.0068,  0.0082,  0.0082,  0.1560,3405.45,3429.25, -0.0070,  0.0089,  0.0088,  0.1684,  0.0088,  0.1684
22-Jun-16,NIFTYPSE,3083.6,3081.95,  0.0005,  0.0075,  0.0073,  0.1386,3088.3,3087.25,  0.0003,  0.0078,  0.0076,  0.1452,  0.0076,  0.1452
22-Jun-16,NMDC,91.85,92, -0.0016,  0.0169,  0.0164,  0.3135,92.25,92.45, -0.0022,  0.0163,  0.0158,  0.3024,  0.0164,  0.3135
22-Jun-16,NTPC,152.6,151.8,  0.0053,  0.0155,  0.0151,  0.2889,152.7,152.4,  0.0020,  0.0147,  0.0143,  0.2723,  0.0151,  0.2889
22-Jun-16,OFSS,3485.25,3468,  0.0050,  0.0111,  0.0108,  0.2065,3490.6,3475.75,  0.0043,  0.0107,  0.0104,  0.1984,  0.0108,  0.2065
22-Jun-16,OIL,357.9,356.85,  0.0029,  0.0108,  0.0105,  0.2013,357.05,356.8,  0.0007,  0.0102,  0.0099,  0.1889,  0.0105,  0.2013
22-Jun-16,ONGC,218.35,217.55,  0.0037,  0.0147,  0.0142,  0.2721,218.7,217.75,  0.0044,  0.0143,  0.0139,  0.2661,  0.0142,  0.2721
22-Jun-16,ORIENTBANK,100.9,100.45,  0.0045,  0.0263,  0.0255,  0.4873,101.1,100.75,  0.0035,  0.0266,  0.0258,  0.4936,  0.0258,  0.4936
22-Jun-16,PAGEIND,13523.75,13582.45, -0.0043,  0.0163,  0.0158,  0.3017,13553,13627.7, -0.0055,  0.0171,  0.0167,  0.3186,  0.0167,  0.3186
22-Jun-16,PCJEWELLER,373.3,374.6, -0.0035,  0.0136,  0.0133,  0.2533,373.25,374.4, -0.0031,  0.0134,  0.0130,  0.2489,  0.0133,  0.2533
22-Jun-16,PETRONET,290.8,283.45,  0.0256,  0.0149,  0.0158,  0.3014,290.7,284.25,  0.0224,  0.0148,  0.0154,  0.2944,  0.0158,  0.3014
22-Jun-16,PFC,166.35,167, -0.0039,  0.0156,  0.0152,  0.2897,167.1,167.65, -0.0033,  0.0155,  0.0150,  0.2875,  0.0152,  0.2897
22-Jun-16,PIDILITIND,687.7,692.25, -0.0066,  0.0122,  0.0119,  0.2280,689.65,694.25, -0.0066,  0.0124,  0.0121,  0.2312,  0.0121,  0.2312
22-Jun-16,PNB,97,97,  0.0000,  0.0263,  0.0255,  0.4869,95.35,95.7, -0.0037,  0.0262,  0.0254,  0.4858,  0.0255,  0.4869
22-Jun-16,POWERGRID,155.6,156, -0.0026,  0.0114,  0.0111,  0.2116,155.8,156.1, -0.0019,  0.0111,  0.0107,  0.2050,  0.0111,  0.2116
22-Jun-16,PTC,74.8,76.85, -0.0270,  0.0184,  0.0190,  0.3638,74.95,77, -0.0270,  0.0178,  0.0185,  0.3529,  0.0190,  0.3638
22-Jun-16,RCOM,47.7,48.45, -0.0156,  0.0227,  0.0224,  0.4274,47.85,48.7, -0.0176,  0.0234,  0.0231,  0.4418,  0.0231,  0.4418
22-Jun-16,RECLTD,168.25,170.35, -0.0124,  0.0157,  0.0156,  0.2973,168.55,170.95, -0.0141,  0.0156,  0.0156,  0.2973,  0.0156,  0.2973
22-Jun-16,RELCAPITAL,393.25,399.5, -0.0158,  0.0162,  0.0162,  0.3091,393.9,399.75, -0.0147,  0.0173,  0.0172,  0.3283,  0.0172,  0.3283
22-Jun-16,RELIANCE,980.5,987.1, -0.0067,  0.0102,  0.0100,  0.1912,980.85,987.9, -0.0072,  0.0102,  0.0100,  0.1914,  0.0100,  0.1914
22-Jun-16,RELINFRA,542.6,544.55, -0.0036,  0.0176,  0.0170,  0.3256,543.05,544.9, -0.0034,  0.0184,  0.0179,  0.3412,  0.0179,  0.3412
22-Jun-16,RPOWER,51.3,52.1, -0.0155,  0.0167,  0.0166,  0.3178,51.45,52.3, -0.0164,  0.0176,  0.0176,  0.3353,  0.0176,  0.3353
22-Jun-16,S&P500,2088.9,2083.25,  0.0027,  0.0055,  0.0054,  0.1025,2082.75,2083.25, -0.0002,  0.0054,  0.0053,  0.1004,  0.0054,  0.1025
22-Jun-16,SAIL,43.95,44.65, -0.0158,  0.0235,  0.0231,  0.4411,44.05,44.75, -0.0158,  0.0232,  0.0229,  0.4367,  0.0231,  0.4411
22-Jun-16,SBIN,212.9,214, -0.0052,  0.0250,  0.0242,  0.4632,212.65,213.85, -0.0056,  0.0240,  0.0233,  0.4456,  0.0242,  0.4632
22-Jun-16,SIEMENS,1265.7,1265.55,  0.0001,  0.0127,  0.0123,  0.2353,1266.1,1266.95, -0.0007,  0.0127,  0.0123,  0.2356,  0.0123,  0.2356
22-Jun-16,SKSMICRO,687.95,700, -0.0174,  0.0146,  0.0148,  0.2831,690.9,700.6, -0.0139,  0.0143,  0.0142,  0.2719,  0.0148,  0.2831
22-Jun-16,SOUTHBANK,20.05,20.25, -0.0099,  0.0133,  0.0131,  0.2504,19.6,19.75, -0.0076,  0.0136,  0.0133,  0.2541,  0.0133,  0.2541
22-Jun-16,SRF,1253.7,1261.9, -0.0065,  0.0206,  0.0200,  0.3830,1257.4,1267.65, -0.0081,  0.0198,  0.0193,  0.3691,  0.0200,  0.3830
22-Jun-16,SRTRANSFIN,1155.5,1156, -0.0004,  0.0221,  0.0214,  0.4091,1156.4,1159.1, -0.0023,  0.0214,  0.0208,  0.3967,  0.0214,  0.4091
22-Jun-16,STAR,1063.05,1087.9, -0.0231,  0.0161,  0.0166,  0.3180,1066.85,1089.7, -0.0212,  0.0158,  0.0162,  0.3089,  0.0166,  0.3180
22-Jun-16,SUNPHARMA,740.05,736.3,  0.0051,  0.0161,  0.0157,  0.2999,743.15,738.65,  0.0061,  0.0169,  0.0164,  0.3137,  0.0164,  0.3137
22-Jun-16,SUNTV,366.2,365.15,  0.0029,  0.0263,  0.0255,  0.4876,367,366.8,  0.0005,  0.0262,  0.0254,  0.4851,  0.0255,  0.4876
22-Jun-16,SYNDIBANK,71.5,71.7, -0.0028,  0.0239,  0.0231,  0.4421,71.75,71.95, -0.0028,  0.0253,  0.0245,  0.4681,  0.0245,  0.4681
22-Jun-16,TATACHEM,427.05,426.25,  0.0019,  0.0110,  0.0107,  0.2048,427.25,427.5, -0.0006,  0.0110,  0.0107,  0.2040,  0.0107,  0.2048
22-Jun-16,TATACOMM,455.35,458.25, -0.0063,  0.0155,  0.0151,  0.2893,455.6,458.95, -0.0073,  0.0158,  0.0154,  0.2943,  0.0154,  0.2943
22-Jun-16,TATAELXSI,1780.5,1785.3, -0.0027,  0.0132,  0.0128,  0.2449,1784.35,1791.05, -0.0037,  0.0141,  0.0137,  0.2617,  0.0137,  0.2617
22-Jun-16,TATAGLOBAL,127.25,125.45,  0.0142,  0.0136,  0.0136,  0.2601,127.7,126,  0.0134,  0.0137,  0.0137,  0.2612,  0.0137,  0.2612
22-Jun-16,TATAMOTORS,472.7,484.9, -0.0255,  0.0235,  0.0236,  0.4507,473.75,484.55, -0.0225,  0.0224,  0.0225,  0.4290,  0.0236,  0.4507
22-Jun-16,TATAMTRDVR,314.8,324.7, -0.0310,  0.0255,  0.0259,  0.4942,316.05,325.05, -0.0281,  0.0250,  0.0252,  0.4806,  0.0259,  0.4942
22-Jun-16,TATAPOWER,73.7,73.3,  0.0054,  0.0174,  0.0170,  0.3239,73.65,73.65,  0.0000,  0.0169,  0.0164,  0.3125,  0.0170,  0.3239
22-Jun-16,TATASTEEL,332.45,334.05, -0.0048,  0.0193,  0.0187,  0.3573,332.35,334.55, -0.0066,  0.0193,  0.0188,  0.3585,  0.0188,  0.3585
22-Jun-16,TCS,2667.65,2651.2,  0.0062,  0.0127,  0.0124,  0.2375,2667.5,2653.35,  0.0053,  0.0120,  0.0117,  0.2230,  0.0124,  0.2375
22-Jun-16,TECHM,532.75,535, -0.0042,  0.0181,  0.0176,  0.3361,534.3,537.1, -0.0052,  0.0183,  0.0178,  0.3399,  0.0178,  0.3399
22-Jun-16,TITAN,379.3,375.45,  0.0102,  0.0110,  0.0110,  0.2096,379.05,376,  0.0081,  0.0106,  0.0105,  0.1999,  0.0110,  0.2096
22-Jun-16,TORNTPHARM,1328.35,1329.4, -0.0008,  0.0139,  0.0134,  0.2566,1333.85,1334.4, -0.0004,  0.0133,  0.0129,  0.2459,  0.0134,  0.2566
22-Jun-16,TV18BRDCST,42.8,43.65, -0.0197,  0.0214,  0.0213,  0.4062,42.95,43.85, -0.0207,  0.0216,  0.0215,  0.4109,  0.0215,  0.4109
22-Jun-16,TVSMOTOR,295,296.25, -0.0042,  0.0141,  0.0137,  0.2621,293.75,295.55, -0.0061,  0.0139,  0.0135,  0.2584,  0.0137,  0.2621
22-Jun-16,UBL,741.6,746, -0.0059,  0.0160,  0.0156,  0.2979,742.6,746.5, -0.0052,  0.0150,  0.0146,  0.2784,  0.0156,  0.2979
22-Jun-16,UCOBANK,38.75,38.9, -0.0039,  0.0215,  0.0209,  0.3989,38.4,38.75, -0.0091,  0.0235,  0.0229,  0.4378,  0.0229,  0.4378
22-Jun-16,ULTRACEMCO,3311.2,3357.6, -0.0139,  0.0146,  0.0146,  0.2780,3324.7,3363.35, -0.0116,  0.0137,  0.0136,  0.2597,  0.0146,  0.2780
22-Jun-16,UNIONBANK,124.55,125.7, -0.0092,  0.0222,  0.0216,  0.4130,124.85,125.85, -0.0080,  0.0228,  0.0222,  0.4233,  0.0222,  0.4233
22-Jun-16,UNITECH,6,6.05, -0.0083,  0.0562,  0.0545,  1.0416,6.05,6.1, -0.0082,  0.0571,  0.0554,  1.0580,  0.0554,  1.0580
22-Jun-16,UPL,556,561.55, -0.0099,  0.0164,  0.0161,  0.3077,557,564.1, -0.0127,  0.0165,  0.0163,  0.3112,  0.0163,  0.3112
22-Jun-16,VEDL,126.75,125.45,  0.0103,  0.0289,  0.0281,  0.5369,126.85,125.9,  0.0075,  0.0283,  0.0275,  0.5248,  0.0281,  0.5369
22-Jun-16,VOLTAS,322.8,323.3, -0.0015,  0.0161,  0.0156,  0.2988,323,323.8, -0.0025,  0.0156,  0.0151,  0.2884,  0.0156,  0.2988
22-Jun-16,WIPRO,563.15,561,  0.0038,  0.0101,  0.0098,  0.1875,563.7,562.05,  0.0029,  0.0099,  0.0097,  0.1846,  0.0098,  0.1875
22-Jun-16,WOCKPHARMA,887.5,900.1, -0.0141,  0.0175,  0.0173,  0.3302,888.3,902.05, -0.0154,  0.0184,  0.0183,  0.3487,  0.0183,  0.3487
22-Jun-16,YESBANK,1078.85,1071.4,  0.0069,  0.0131,  0.0128,  0.2454,1077.85,1072.2,  0.0053,  0.0119,  0.0116,  0.2223,  0.0128,  0.2454
22-Jun-16,ZEEL,448.3,447.55,  0.0017,  0.0144,  0.0140,  0.2673,449.45,448.75,  0.0016,  0.0138,  0.0134,  0.2553,  0.0140,  0.2673
